component	decision	preserved_evidence	required_v2_change	status
repository_and_index	PRESERVE_ORIGINAL	Original cleanup branch HEAD 48ef658; 95 current files hash-identical to migration hold	Lead worktree imports safe source without resetting original index	SOURCE_PRESERVATION_VERIFIED
schemas_storage_provenance	EXTEND	Typed records plus JSONL SQLite and provenance helpers	Add source-version field-level locators explicit unknowns scientific lineage and v2 migrations	PENDING_INTEGRATION
adapters_ingestion_literature_xml_grobid	REUSE_QUALIFY	Existing live adapter and XML/PDF paths plus regression tests	Real bounded acquisition cached snapshots section offsets and update invalidation	PENDING_LIVE_V2_CHECK
annotation_export_validation_splits_calibration	REUSE_EXTEND	Existing annotation origin exports grouped splits calibration modules	Require connected study-publication-cohort grouping and honest missing expert labels	PENDING_V2_EVALUATION
ranking_feasibility	RETAIN_LEGACY_REPLACE_V2_DECISION	feasibility.py uses weighted population assay and sample scores; ranking.py can increase feasibility by alternate weighted score	Hard essential requirement veto before score; typed unknown; donor unit and power adequacy separate	CONCRETE_SCIENTIFIC_RISK_RECORDED
meta_analysis	RETAIN_LEGACY_REPLACE_V2_COMPILER	meta_analysis.py support_count counts all evidence; recurrence counts source IDs; contradiction_count constant zero	Dependence-aware experimental lineage contradiction retention and dated scope status	CONCRETE_SCIENTIFIC_RISK_RECORDED
review_reporting_artifact_validation	REUSE_EXTEND	Rich review fields SQLite consistency and artifact validations preserved	Stored v2 dossier reports with escape safety and executed acceptance checks	PENDING_V2_CHECK
legacy_models_training_fixtures	PRESERVE_LOCAL_EXCLUDE_NEW_PUBLIC_CONTENT	Staged legacy model PDF CSV moves were present before build	Do not newly upload weights corpora or raw training files	LEAD_PRESERVATION_BOUNDARY
legacy_tests	RETAIN	Lead reports fresh 95-test baseline PASS before E01	Run affected tests after targeted v2 integration; do not erase prior expected behavior casually	BASELINE_REPORTED_BY_LEAD
